country,flag_emoji,group,confederation,spotlight,manager,wc_appearances,wc_debut_year,wc_best_finish,squad_total_value_eur,avg_confidence,data_completeness_pct,players_with_sofa,players_with_tm,players_all_sources
Czechia,🇨🇿,A,UEFA,True,Miroslav Koubek,10,1934,As Czechoslovakia: Runners-up,166175000,98.1,96.2,25,25,25
Mexico,🇲🇽,A,CONCACAF,True,Javier Aguirre,18,1930,Quarter-finals,176850000,98.1,96.2,25,25,25
South Africa,🇿🇦,A,CAF,False,Hugo Broos,4,1998,Group stage,48450000,97.7,96.2,25,25,25
South Korea,🇰🇷,A,AFC,True,Hong Myung-bo,12,1954,Fourth place,10000000,60.6,38.5,10,1,1
Bosnia and Herzegovina,🇧🇦,B,UEFA,True,Sergej Barbarez,2,2014,Group stage,150600000,97.9,96.2,25,25,25
Canada,🇨🇦,B,CONCACAF,True,Jesse Marsch,3,1986,Group stage,0,73.8,92.0,24,0,0
Qatar,🇶🇦,B,AFC,False,Julen Lopetegui,2,2022,Group stage,0,68.3,73.1,19,0,0
Switzerland,🇨🇭,B,UEFA,True,Murat Yakin,13,1934,Quarter-finals,324500000,98.1,96.2,25,25,25
Brazil,🇧🇷,C,CONMEBOL,True,Carlo Ancelotti,23,1930,Champions,743700000,91.3,84.6,22,21,21
Haiti,🇭🇹,C,CONCACAF,False,Sébastien Migné,2,1974,Group stage,0,73.1,92.3,24,0,0
Morocco,🇲🇦,C,CAF,True,Mohamed Ouahbi,7,1970,Fourth place,407700000,93.3,88.5,22,23,22
Scotland,🏴󠁧󠁢󠁳󠁣󠁴󠁿,C,UEFA,False,Steve Clarke,9,1954,Group stage,163250000,97.5,96.2,25,25,25
Australia,🇦🇺,D,AFC,True,Tony Popovic,7,1974,Round of 16,75650000,98.1,96.2,25,25,25
Paraguay,🇵🇾,D,CONMEBOL,False,Gustavo Alfaro,9,1930,Quarter-finals,0,73.1,92.3,24,0,0
Türkiye,🇹🇷,D,UEFA,True,Vincenzo Montella,3,1954,Third place,457700000,97.1,96.2,24,25,24
United States,🇺🇸,D,CONCACAF,True,Mauricio Pochettino,12,1930,Third place,385500000,98.1,96.2,25,25,25
Curaçao,🇨🇼,E,CONCACAF,False,Dick Advocaat,1,2026,TBD,25525000,98.1,96.2,25,25,25
Ecuador,🇪🇨,E,CONMEBOL,True,Sebastián Beccacece,5,2002,Round of 16,0,74.0,96.2,25,0,0
Germany,🇩🇪,E,UEFA,True,Julian Nagelsmann,21,1934,Champions,912000000,98.1,96.2,25,25,25
Ivory Coast,🇨🇮,E,CAF,True,Emerse Faé,4,2006,Group stage,510100000,97.9,96.2,25,25,25
Japan,🇯🇵,F,AFC,True,Hajime Moriyasu,8,1998,Round of 16,266850000,97.1,96.2,24,25,24
Netherlands,🇳🇱,F,UEFA,True,Ronald Koeman,12,1934,Runners-up,739200000,98.1,96.2,25,25,25
Sweden,🇸🇪,F,UEFA,True,Graham Potter,13,1934,Runners-up,401075000,98.1,96.2,25,25,25
Tunisia,🇹🇳,F,CAF,False,Sabri Lamouchi,7,1978,Group stage,49950000,95.0,96.2,23,24,22
Belgium,🇧🇪,G,UEFA,True,Rudi Garcia,15,1930,Third place,517500000,97.9,96.2,25,25,25
Egypt,🇪🇬,G,CAF,True,Hossam Hassan,4,1934,Round of 16,89475000,94.8,92.3,24,23,23
Iran,🇮🇷,G,AFC,False,Amir Ghalenoei,7,1978,Group stage,0,71.7,84.6,23,0,0
New Zealand,🇳🇿,G,OFC,False,Darren Bazeley,2,1982,Group stage,29350000,98.1,96.2,25,25,25
Cape Verde,🇨🇻,H,CAF,False,Bubista,1,2026,TBD,59400000,94.2,92.3,22,24,22
Saudi Arabia,🇸🇦,H,AFC,False,Georgios Donis,7,1994,Round of 16,37375000,93.3,92.3,22,23,21
Spain,🇪🇸,H,UEFA,True,Luis de la Fuente,17,1934,Champions,1172800000,98.1,96.2,25,25,25
Uruguay,🇺🇾,H,CONMEBOL,True,Marcelo Bielsa,15,1930,Champions,315300000,97.1,96.2,25,24,24
France,🇫🇷,I,UEFA,True,Didier Deschamps,17,1930,Champions,1343000000,97.9,96.2,25,25,25
Iraq,🇮🇶,I,AFC,False,Graham Arnold,2,1986,Group stage,0,72.1,88.5,23,0,0
Norway,🇳🇴,I,UEFA,True,Ståle Solbakken,4,1938,Round of 16,524900000,97.3,96.2,25,25,25
Senegal,🇸🇳,I,CAF,True,Pape Thiaw,4,2002,Quarter-finals,0,74.0,96.2,25,0,0
Algeria,🇩🇿,J,CAF,True,Vladimir Petković,5,1982,Round of 16,251050000,97.1,96.2,25,24,24
Argentina,🇦🇷,J,CONMEBOL,True,Lionel Scaloni,19,1930,Champions,767500000,98.0,96.0,24,24,24
Austria,🇦🇹,J,UEFA,True,Ralf Rangnick,8,1934,Third place,239200000,98.0,96.0,24,24,24
Jordan,🇯🇴,J,AFC,False,Jamal Sellami,1,2026,TBD,7600000,84.6,80.8,17,19,15
Colombia,🇨🇴,K,CONMEBOL,True,Néstor Lorenzo,7,1962,Quarter-finals,300850000,98.1,96.2,25,25,25
DR Congo,🇨🇩,K,CAF,False,Sébastien Desabre,2,1974,Group stage,141500000,96.2,92.3,24,24,24
Portugal,🇵🇹,K,UEFA,True,Roberto Martínez,9,1966,Third place,995500000,98.1,96.2,25,25,25
Uzbekistan,🇺🇿,K,AFC,False,Fabio Cannavaro,1,2026,TBD,76525000,91.2,84.6,20,23,20
Croatia,🇭🇷,L,UEFA,True,Zlatko Dalić,7,1998,Runners-up,383800000,97.9,96.2,25,25,25
England,🏴󠁧󠁢󠁥󠁮󠁧󠁿,L,UEFA,True,Thomas Tuchel,17,1950,Winners,1303200000,98.1,96.2,25,25,25
Ghana,🇬🇭,L,CAF,False,Carlos Queiroz,5,2006,Quarter-finals,0,71.9,84.6,23,0,0
Panama,🇵🇦,L,CONCACAF,False,Thomas Christiansen,2,2018,Group stage,0,73.1,92.3,24,0,0
